scenario,first_token_ms,decode_tps
A,65,62.500000
B,63,65.573770
C,0,4000.000000
